<?xml version = "1.0" encoding = "utf-8"?>
<!DOCTYPE hibernate-configuration SYSTEM 
"http://www.hibernate.org/dtd/hibernate-configuration-3.0.dtd">

<hibernate-configuration>
   <!-- <session-factory name="oracleSessionFactory"> -->
   <session-factory>
      
   
      <property name = "hibernate.connection.driver_class">
      </property>

      <property name = "hibernate.connection.url">
      </property>
   
      <property name = "hibernate.connection.username">	</property>
   
      <property name = "hibernate.connection.password">	</property>
      
      <property name = "hibernate.dialect">
	 </property>
      
      <property name = "hibernate.show_sql">
         
      </property>
      
      <property name = "hibernate.hbm2ddl.auto">
         
      </property>
      
      <mapping class="FQN Of The Class"/>
      
   </session-factory>
</hibernate-configuration>
